AWS Extension Dependency,Function category,complexity,Efforts(Hours)
aws_oracle_ext.v$version,SYSTEM_VIEWS,MEDIUM,2
aws_oracle_ext.v$nls_parameters,SYSTEM_VIEWS,MEDIUM,2
aws_oracle_ext.v$instance,SYSTEM_VIEWS,MEDIUM,2
aws_oracle_ext.utl_url$unescape,URL_PROCESSING_ESCAPE,MEDIUM,2
aws_oracle_ext.utl_url$escape,URL_PROCESSING_ESCAPE,MEDIUM,2
aws_oracle_ext.utl_smtp$write_raw_data,EMAIL_COMMUNICATION,COMPLEX,4
aws_oracle_ext.utl_smtp$write_data,EMAIL_COMMUNICATION,COMPLEX,4
aws_oracle_ext.utl_smtp$starttls,EMAIL_COMMUNICATION,COMPLEX,4
aws_oracle_ext.utl_smtp$rset,EMAIL_COMMUNICATION,COMPLEX,4
aws_oracle_ext.utl_smtp$reply,EMAIL_COMMUNICATION,COMPLEX,4
aws_oracle_ext.utl_smtp$replies,EMAIL_COMMUNICATION,COMPLEX,4
aws_oracle_ext.utl_smtp$rcpt,EMAIL_COMMUNICATION,COMPLEX,4
aws_oracle_ext.utl_smtp$quit,EMAIL_COMMUNICATION,COMPLEX,4
aws_oracle_ext.utl_smtp$open_data,EMAIL_COMMUNICATION,COMPLEX,4
aws_oracle_ext.utl_smtp$open_connection,EMAIL_COMMUNICATION,COMPLEX,4
aws_oracle_ext.utl_smtp$open_connection,EMAIL_COMMUNICATION,COMPLEX,4
aws_oracle_ext.utl_smtp$noop,EMAIL_COMMUNICATION,COMPLEX,4
aws_oracle_ext.utl_smtp$mail,EMAIL_COMMUNICATION,COMPLEX,4
aws_oracle_ext.utl_smtp$helo,EMAIL_COMMUNICATION,COMPLEX,4
aws_oracle_ext.utl_smtp$ehlo,EMAIL_COMMUNICATION,COMPLEX,4
aws_oracle_ext.utl_smtp$data,EMAIL_COMMUNICATION,COMPLEX,4
aws_oracle_ext.utl_smtp$connection,EMAIL_COMMUNICATION,COMPLEX,4
aws_oracle_ext.utl_smtp$connection,EMAIL_COMMUNICATION,COMPLEX,4
aws_oracle_ext.utl_smtp$close_data,EMAIL_COMMUNICATION,COMPLEX,4
aws_oracle_ext.utl_smtp$close_connection,EMAIL_COMMUNICATION,COMPLEX,4
aws_oracle_ext.utl_smtp$auth,EMAIL_COMMUNICATION,COMPLEX,4
aws_oracle_ext.utl_file$put_raw,EXTERNAL_FILE_PROCESSING,COMPLEX,4
aws_oracle_ext.utl_file$put_line,EXTERNAL_FILE_PROCESSING,COMPLEX,4
aws_oracle_ext.utl_file$putf,EXTERNAL_FILE_PROCESSING,COMPLEX,4
aws_oracle_ext.utl_file$put,EXTERNAL_FILE_PROCESSING,COMPLEX,4
aws_oracle_ext.utl_file$new_line,EXTERNAL_FILE_PROCESSING,COMPLEX,4
aws_oracle_ext.utl_file$is_open,EXTERNAL_FILE_PROCESSING,COMPLEX,4
aws_oracle_ext.utl_file$get_raw,EXTERNAL_FILE_PROCESSING,COMPLEX,4
aws_oracle_ext.utl_file$get_line,EXTERNAL_FILE_PROCESSING,COMPLEX,4
aws_oracle_ext.utl_file$fremove,EXTERNAL_FILE_PROCESSING,COMPLEX,4
aws_oracle_ext.utl_file$fopen,EXTERNAL_FILE_PROCESSING,COMPLEX,4
aws_oracle_ext.utl_file$file_type,EXTERNAL_FILE_PROCESSING,COMPLEX,4
aws_oracle_ext.utl_file$file_type,EXTERNAL_FILE_PROCESSING,COMPLEX,4
aws_oracle_ext.utl_file$fhstorage,EXTERNAL_FILE_PROCESSING,COMPLEX,4
aws_oracle_ext.utl_file$fcopy,EXTERNAL_FILE_PROCESSING,COMPLEX,4
aws_oracle_ext.utl_file$fclose_all,EXTERNAL_FILE_PROCESSING,COMPLEX,4
aws_oracle_ext.utl_file$fclose,EXTERNAL_FILE_PROCESSING,COMPLEX,4
aws_oracle_ext.utl_file$exceptions,EXTERNAL_FILE_PROCESSING,COMPLEX,4
aws_oracle_ext.utl_encode$text_encode,UTL_ENCODING_PROCESSING,COMPLEX,4
aws_oracle_ext.utl_encode$text_decode,UTL_ENCODING_PROCESSING,COMPLEX,4
aws_oracle_ext.utl_encode$quoted_printable,UTL_ENCODING_PROCESSING,COMPLEX,4
aws_oracle_ext.utl_encode$mimeheader_encode,UTL_ENCODING_PROCESSING,COMPLEX,4
aws_oracle_ext.utl_encode$mimeheader_decode,UTL_ENCODING_PROCESSING,COMPLEX,4
aws_oracle_ext.unistr,STRING_FUNCTION,SIMPLE,1
aws_oracle_ext.trim,STRING_FUNCTION,SIMPLE,1
aws_oracle_ext.to_number_formatter,CONVERSION_FUNCTION,MEDIUM,2
aws_oracle_ext.to_number,CONVERSION_FUNCTION,SIMPLE,1
aws_oracle_ext.to_date_formatter,CONVERSION_FUNCTION,MEDIUM,2
aws_oracle_ext.to_date,CONVERSION_FUNCTION,SIMPLE,1
aws_oracle_ext.to_char_parser,CONVERSION_FUNCTION,SIMPLE,1
aws_oracle_ext.to_char_formatter,CONVERSION_FUNCTION,MEDIUM,2
aws_oracle_ext.to_char,CONVERSION_FUNCTION,SIMPLE,1
aws_oracle_ext.sys_user_views,SYSTEM_VIEWS,MEDIUM,2
aws_oracle_ext.sys_user_users,SYSTEM_VIEWS,MEDIUM,2
aws_oracle_ext.sys_user_triggers,SYSTEM_VIEWS,MEDIUM,2
aws_oracle_ext.sys_user_tables,SYSTEM_VIEWS,MEDIUM,2
aws_oracle_ext.sys_user_tab_comments,SYSTEM_VIEWS,MEDIUM,2
aws_oracle_ext.sys_user_tab_columns,SYSTEM_VIEWS,MEDIUM,2
aws_oracle_ext.sys_user_tab_cols,SYSTEM_VIEWS,MEDIUM,2
aws_oracle_ext.sys_user_source,SYSTEM_VIEWS,MEDIUM,2
aws_oracle_ext.sys_user_sequences,SYSTEM_VIEWS,MEDIUM,2
aws_oracle_ext.sys_user_policies,SYSTEM_VIEWS,MEDIUM,2
aws_oracle_ext.sys_user_objects,SYSTEM_VIEWS,MEDIUM,2
aws_oracle_ext.sys_user_indexes,SYSTEM_VIEWS,MEDIUM,2
aws_oracle_ext.sys_user_ind_columns,SYSTEM_VIEWS,MEDIUM,2
aws_oracle_ext.sys_user_constraints,SYSTEM_VIEWS,MEDIUM,2
aws_oracle_ext.sys_user_cons_columns,SYSTEM_VIEWS,MEDIUM,2
aws_oracle_ext.sys_user_col_comments,SYSTEM_VIEWS,MEDIUM,2
aws_oracle_ext.systimestamp,DATE_FUNCTION,SIMPLE,1
aws_oracle_ext.sys_guid,UUID_PROCESSING,SIMPLE,1
aws_oracle_ext.sys_dba_views,SYSTEM_VIEWS,MEDIUM,2
aws_oracle_ext.sys_dba_users,SYSTEM_VIEWS,MEDIUM,2
aws_oracle_ext.sys_dba_triggers,SYSTEM_VIEWS,MEDIUM,2
aws_oracle_ext.sys_dba_tables,SYSTEM_VIEWS,MEDIUM,2
aws_oracle_ext.sys_dba_tab_comments,SYSTEM_VIEWS,MEDIUM,2
aws_oracle_ext.sys_dba_tab_columns,SYSTEM_VIEWS,MEDIUM,2
aws_oracle_ext.sys_dba_tab_cols,SYSTEM_VIEWS,MEDIUM,2
aws_oracle_ext.sys_dba_source,SYSTEM_VIEWS,MEDIUM,2
aws_oracle_ext.sys_dba_sequences,SYSTEM_VIEWS,MEDIUM,2
aws_oracle_ext.sys_dba_roles,SYSTEM_VIEWS,MEDIUM,2
aws_oracle_ext.sys_dba_policies,SYSTEM_VIEWS,MEDIUM,2
aws_oracle_ext.sys_dba_objects,SYSTEM_VIEWS,MEDIUM,2
aws_oracle_ext.sys_dba_indexes,SYSTEM_VIEWS,MEDIUM,2
aws_oracle_ext.sys_dba_ind_columns,SYSTEM_VIEWS,MEDIUM,2
aws_oracle_ext.sys_dba_constraints,SYSTEM_VIEWS,MEDIUM,2
aws_oracle_ext.sys_dba_cons_columns,SYSTEM_VIEWS,MEDIUM,2
aws_oracle_ext.sysdate,DATE_FUNCTION,SIMPLE,1
aws_oracle_ext.sys_anydata$gettypename,ANYDATA_PROCESSING,COMPLEX,4
aws_oracle_ext.sys_anydata$convertvarchar,ANYDATA_PROCESSING,COMPLEX,4
aws_oracle_ext.sys_anydata$convertvarchar,ANYDATA_PROCESSING,COMPLEX,4
aws_oracle_ext.sys_anydata$converturowid,ANYDATA_PROCESSING,COMPLEX,4
aws_oracle_ext.sys_anydata$converttimestamptz,ANYDATA_PROCESSING,COMPLEX,4
aws_oracle_ext.sys_anydata$converttimestampltz,ANYDATA_PROCESSING,COMPLEX,4
aws_oracle_ext.sys_anydata$converttimestamp,ANYDATA_PROCESSING,COMPLEX,4
aws_oracle_ext.sys_anydata$convertraw,ANYDATA_PROCESSING,COMPLEX,4
aws_oracle_ext.sys_anydata$convertnvarchar,ANYDATA_PROCESSING,COMPLEX,4
aws_oracle_ext.sys_anydata$convertnumber,ANYDATA_PROCESSING,COMPLEX,4
aws_oracle_ext.sys_anydata$convertnclob,ANYDATA_PROCESSING,COMPLEX,4
aws_oracle_ext.sys_anydata$convertnchar,ANYDATA_PROCESSING,COMPLEX,4
aws_oracle_ext.sys_anydata$convertintervalym,ANYDATA_PROCESSING,COMPLEX,4
aws_oracle_ext.sys_anydata$convertintervalds,ANYDATA_PROCESSING,COMPLEX,4
aws_oracle_ext.sys_anydata$convertdate,ANYDATA_PROCESSING,COMPLEX,4
aws_oracle_ext.sys_anydata$convertclob,ANYDATA_PROCESSING,COMPLEX,4
aws_oracle_ext.sys_anydata$convertchar,ANYDATA_PROCESSING,COMPLEX,4
aws_oracle_ext.sys_anydata$convertblob,ANYDATA_PROCESSING,COMPLEX,4
aws_oracle_ext.sys_anydata$convertbfloat,ANYDATA_PROCESSING,COMPLEX,4
aws_oracle_ext.sys_anydata$convertbfile,ANYDATA_PROCESSING,COMPLEX,4
aws_oracle_ext.sys_anydata$convertbdouble,ANYDATA_PROCESSING,COMPLEX,4
aws_oracle_ext.sys_anydata$accessvarchar,ANYDATA_PROCESSING,COMPLEX,4
aws_oracle_ext.sys_anydata$accessvarchar,ANYDATA_PROCESSING,COMPLEX,4
aws_oracle_ext.sys_anydata$accessurowid,ANYDATA_PROCESSING,COMPLEX,4
aws_oracle_ext.sys_anydata$accesstimestamptz,ANYDATA_PROCESSING,COMPLEX,4
aws_oracle_ext.sys_anydata$accesstimestampltz,ANYDATA_PROCESSING,COMPLEX,4
aws_oracle_ext.sys_anydata$accesstimestamp,ANYDATA_PROCESSING,COMPLEX,4
aws_oracle_ext.sys_anydata$accessraw,ANYDATA_PROCESSING,COMPLEX,4
aws_oracle_ext.sys_anydata$accessnvarchar,ANYDATA_PROCESSING,COMPLEX,4
aws_oracle_ext.sys_anydata$accessnumber,ANYDATA_PROCESSING,COMPLEX,4
aws_oracle_ext.sys_anydata$accessnclob,ANYDATA_PROCESSING,COMPLEX,4
aws_oracle_ext.sys_anydata$accessnchar,ANYDATA_PROCESSING,COMPLEX,4
aws_oracle_ext.sys_anydata$accessintervalym,ANYDATA_PROCESSING,COMPLEX,4
aws_oracle_ext.sys_anydata$accessintervalds,ANYDATA_PROCESSING,COMPLEX,4
aws_oracle_ext.sys_anydata$accessdate,ANYDATA_PROCESSING,COMPLEX,4
aws_oracle_ext.sys_anydata$accessclob,ANYDATA_PROCESSING,COMPLEX,4
aws_oracle_ext.sys_anydata$accesschar,ANYDATA_PROCESSING,COMPLEX,4
aws_oracle_ext.sys_anydata$accessblob,ANYDATA_PROCESSING,COMPLEX,4
aws_oracle_ext.sys_anydata$accessbfloat,ANYDATA_PROCESSING,COMPLEX,4
aws_oracle_ext.sys_anydata$accessbfile,ANYDATA_PROCESSING,COMPLEX,4
aws_oracle_ext.sys_anydata$accessbdouble,ANYDATA_PROCESSING,COMPLEX,4
aws_oracle_ext.sys_all_views,SYSTEM_VIEWS,MEDIUM,2
aws_oracle_ext.sys_all_users,SYSTEM_VIEWS,MEDIUM,2
aws_oracle_ext.sys_all_triggers,SYSTEM_VIEWS,MEDIUM,2
aws_oracle_ext.sys_all_tables,SYSTEM_VIEWS,MEDIUM,2
aws_oracle_ext.sys_all_tab_comments,SYSTEM_VIEWS,MEDIUM,2
aws_oracle_ext.sys_all_tab_columns,SYSTEM_VIEWS,MEDIUM,2
aws_oracle_ext.sys_all_tab_cols,SYSTEM_VIEWS,MEDIUM,2
aws_oracle_ext.sys_all_source,SYSTEM_VIEWS,MEDIUM,2
aws_oracle_ext.sys_all_sequences,SYSTEM_VIEWS,MEDIUM,2
aws_oracle_ext.sys_all_policies,SYSTEM_VIEWS,MEDIUM,2
aws_oracle_ext.sys_all_objects,SYSTEM_VIEWS,MEDIUM,2
aws_oracle_ext.sys_all_indexes,SYSTEM_VIEWS,MEDIUM,2
aws_oracle_ext.sys_all_ind_columns,SYSTEM_VIEWS,MEDIUM,2
aws_oracle_ext.sys_all_constraints,SYSTEM_VIEWS,MEDIUM,2
aws_oracle_ext.sys_all_cons_columns,SYSTEM_VIEWS,MEDIUM,2
aws_oracle_ext.substrb,STRING_FUNCTION,SIMPLE,1
aws_oracle_ext.substr,STRING_FUNCTION,SIMPLE,1
aws_oracle_ext.sqs_remove_nodata,AWS_SQS_INTEGRATION,COMPLEX,4
aws_oracle_ext.sqs_remove,AWS_SQS_INTEGRATION,COMPLEX,4
aws_oracle_ext.sqs_ready,AWS_SQS_INTEGRATION,COMPLEX,4
aws_oracle_ext.sqs_queues_tables_id_seq,AWS_SQS_INTEGRATION,COMPLEX,4
aws_oracle_ext.sqs_queues_tables,AWS_SQS_INTEGRATION,COMPLEX,4
aws_oracle_ext.sqs_queues_settings,AWS_SQS_INTEGRATION,COMPLEX,4
aws_oracle_ext.sqs_queue_record,AWS_SQS_INTEGRATION,COMPLEX,4
aws_oracle_ext.sqs_queue_fifo,AWS_SQS_INTEGRATION,COMPLEX,4
aws_oracle_ext.sqs_queue_body,AWS_SQS_INTEGRATION,COMPLEX,4
aws_oracle_ext.sqs_processed,AWS_SQS_INTEGRATION,COMPLEX,4
aws_oracle_ext.sqs_persistent,AWS_SQS_INTEGRATION,COMPLEX,4
aws_oracle_ext.sqs_on_commit,AWS_SQS_INTEGRATION,COMPLEX,4
aws_oracle_ext.sqs_ntfn_grouping_type_summary,AWS_SQS_INTEGRATION,COMPLEX,4
aws_oracle_ext.sqs_ntfn_grouping_type_last,AWS_SQS_INTEGRATION,COMPLEX,4
aws_oracle_ext.sqs_ntfn_grouping_forever,AWS_SQS_INTEGRATION,COMPLEX,4
aws_oracle_ext.sqs_no_wait,AWS_SQS_INTEGRATION,COMPLEX,4
aws_oracle_ext.sqs_normal_queue,AWS_SQS_INTEGRATION,COMPLEX,4
aws_oracle_ext.sqs_none,AWS_SQS_INTEGRATION,COMPLEX,4
aws_oracle_ext.sqs_no_delay,AWS_SQS_INTEGRATION,COMPLEX,4
aws_oracle_ext.sqs_next_message,AWS_SQS_INTEGRATION,COMPLEX,4
aws_oracle_ext.sqs_never,AWS_SQS_INTEGRATION,COMPLEX,4
aws_oracle_ext.sqs_namespace_aq,AWS_SQS_INTEGRATION,COMPLEX,4
aws_oracle_ext.sqs_namespace_anonymous,AWS_SQS_INTEGRATION,COMPLEX,4
aws_oracle_ext.sqs_lu_insert_queue_table,AWS_SQS_INTEGRATION,COMPLEX,4
aws_oracle_ext.sqs_lu_insert_func_arn,AWS_SQS_INTEGRATION,COMPLEX,4
aws_oracle_ext.sqs_lu_inited_queueurl,AWS_SQS_INTEGRATION,COMPLEX,4
aws_oracle_ext.sqs_lu_inited_queuetbl,AWS_SQS_INTEGRATION,COMPLEX,4
aws_oracle_ext.sqs_lu_inited_funcarn,AWS_SQS_INTEGRATION,COMPLEX,4
aws_oracle_ext.sqs_lu_drop_queue_table,AWS_SQS_INTEGRATION,COMPLEX,4
aws_oracle_ext.sqs_lu_delete_queue_table,AWS_SQS_INTEGRATION,COMPLEX,4
aws_oracle_ext.sqs_lu_delete_queue_message,AWS_SQS_INTEGRATION,COMPLEX,4
aws_oracle_ext.sqs_lu_define_type,AWS_SQS_INTEGRATION,COMPLEX,4
aws_oracle_ext.sqs_lu_define_table,AWS_SQS_INTEGRATION,COMPLEX,4
aws_oracle_ext.sqs_lu_create_queue_table,AWS_SQS_INTEGRATION,COMPLEX,4
aws_oracle_ext.sqs_locked,AWS_SQS_INTEGRATION,COMPLEX,4
aws_oracle_ext.sqs_init_dbms_aq$message_properties_t,AWS_SQS_INTEGRATION,COMPLEX,4
aws_oracle_ext.sqs_init_dbms_aq$enqueue_options_t,AWS_SQS_INTEGRATION,COMPLEX,4
aws_oracle_ext.sqs_init_dbms_aq$dequeue_options_t,AWS_SQS_INTEGRATION,COMPLEX,4
aws_oracle_ext.sqs_init_aq$_sig_prop,AWS_SQS_INTEGRATION,COMPLEX,4
aws_oracle_ext.sqs_init_aq$_agent,AWS_SQS_INTEGRATION,COMPLEX,4
aws_oracle_ext.sqs_immediate,AWS_SQS_INTEGRATION,COMPLEX,4
aws_oracle_ext.sqs_functions_settings,AWS_SQS_INTEGRATION,COMPLEX,4
aws_oracle_ext.sqs_forever,AWS_SQS_INTEGRATION,COMPLEX,4
aws_oracle_ext.sqs_first_message,AWS_SQS_INTEGRATION,COMPLEX,4
aws_oracle_ext.sqs_expired,AWS_SQS_INTEGRATION,COMPLEX,4
aws_oracle_ext.sqs_default_queue_attributes,AWS_SQS_INTEGRATION,COMPLEX,4
aws_oracle_ext.sqs_default_error,AWS_SQS_INTEGRATION,COMPLEX,4
aws_oracle_ext.sqs_browse,AWS_SQS_INTEGRATION,COMPLEX,4
aws_oracle_ext.sqs_before,AWS_SQS_INTEGRATION,COMPLEX,4
aws_oracle_ext.sqs_aq$_sig_prop,AWS_SQS_INTEGRATION,COMPLEX,4
aws_oracle_ext.sqs_aq_send_message,AWS_SQS_INTEGRATION,COMPLEX,4
aws_oracle_ext.sqs_aq_get_messages_body,AWS_SQS_INTEGRATION,COMPLEX,4
aws_oracle_ext.sqs_aq_get_message,AWS_SQS_INTEGRATION,COMPLEX,4
aws_oracle_ext.sqs_aq_delete_queue,AWS_SQS_INTEGRATION,COMPLEX,4
aws_oracle_ext.sqs_aq_delete_message,AWS_SQS_INTEGRATION,COMPLEX,4
aws_oracle_ext.sqs_aq_create_queue,AWS_SQS_INTEGRATION,COMPLEX,4
aws_oracle_ext.sqs_aq$_agent,AWS_SQS_INTEGRATION,COMPLEX,4
aws_oracle_ext.sqs_aa_lambda_payload,AWS_SQS_INTEGRATION,COMPLEX,4
aws_oracle_ext.sql$bulk_exceptions,COLLECTION_PROCESSING,COMPLEX,4
aws_oracle_ext.set_version,AWS_EXTENSION_INTERNAL,SIMPLE,1
aws_oracle_ext.set_service_setting,AWS_EXTENSION_INTERNAL,SIMPLE,1
aws_oracle_ext.set_package_variable_object_field,PACKAGE_GLOBALS,COMPLEX,4
aws_oracle_ext.set_package_variable_object,PACKAGE_GLOBALS,COMPLEX,4
aws_oracle_ext.set_package_variable,PACKAGE_GLOBALS,COMPLEX,4
aws_oracle_ext.set_package_uninitialized,PACKAGE_GLOBALS,COMPLEX,4
aws_oracle_ext.set_package_initialized,PACKAGE_GLOBALS,COMPLEX,4
aws_oracle_ext.set_extpack_variable,PACKAGE_GLOBALS,COMPLEX,4
aws_oracle_ext.sessiontimezone,DATE_FUNCTION,SIMPLE,1
aws_oracle_ext.rowidtochar,CONVERSION_FUNCTION,SIMPLE,1
aws_oracle_ext.round,AIRTHMETIC_FUNCTION,SIMPLE,1
aws_oracle_ext.regexp_substr,REGULAR_EXP_FUNCTION,MEDIUM,2
aws_oracle_ext.regexp_replace,REGULAR_EXP_FUNCTION,MEDIUM,2
aws_oracle_ext.regexp_like,REGULAR_EXP_FUNCTION,MEDIUM,2
aws_oracle_ext.regexp_instr,REGULAR_EXP_FUNCTION,MEDIUM,2
aws_oracle_ext.regexp_count,REGULAR_EXP_FUNCTION,MEDIUM,2
aws_oracle_ext.owa_util$status_line,OWA_PACKAGE,COMPLEX,4
aws_oracle_ext.owa_util$redirect_url,OWA_PACKAGE,COMPLEX,4
aws_oracle_ext.owa_util$print_cgi_env,OWA_PACKAGE,COMPLEX,4
aws_oracle_ext.owa_util$mime_header,OWA_PACKAGE,COMPLEX,4
aws_oracle_ext.owa_util$http_header_close,OWA_PACKAGE,COMPLEX,4
aws_oracle_ext.owa_util$get_owa_service_path,OWA_PACKAGE,COMPLEX,4
aws_oracle_ext.owa_util$get_cgi_env,OWA_PACKAGE,COMPLEX,4
aws_oracle_ext.owa$init_cgi_env,OWA_PACKAGE,COMPLEX,4
aws_oracle_ext.owa_cookie$send,OWA_PACKAGE,COMPLEX,4
aws_oracle_ext.owa_cookie$get,OWA_PACKAGE,COMPLEX,4
aws_oracle_ext.ora_exception,ORACLE_EXCEPTION_PROCESSING,MEDIUM,2
aws_oracle_ext.nested_table$set_value,COLLECTION_PROCESSING,COMPLEX,4
aws_oracle_ext.nested_table$prior,COLLECTION_PROCESSING,COMPLEX,4
aws_oracle_ext.nested_table$next,COLLECTION_PROCESSING,COMPLEX,4
aws_oracle_ext.nested_table$last,COLLECTION_PROCESSING,COMPLEX,4
aws_oracle_ext.nested_table$get_value,COLLECTION_PROCESSING,COMPLEX,4
aws_oracle_ext.nested_table$first,COLLECTION_PROCESSING,COMPLEX,4
aws_oracle_ext.nested_table$add_fields_to_array,COLLECTION_PROCESSING,COMPLEX,4
aws_oracle_ext.nanvl,AIRTHMETIC_FUNCTION,SIMPLE,1
aws_oracle_ext.months_between,DATE_FUNCTION,SIMPLE,1
aws_oracle_ext.localtimestamp,DATE_FUNCTION,SIMPLE,1
aws_oracle_ext.lnnvl,NULL_FUNCTION,MEDIUM,2
aws_oracle_ext.limit,AWS_EXTENSION_INTERNAL,SIMPLE,1
aws_oracle_ext.least,ORACLE_FUNCTION,MEDIUM,2
aws_oracle_ext.last_day,DATE_FUNCTION,SIMPLE,1
aws_oracle_ext.is_package_initialized,PACKAGE_GLOBALS,COMPLEX,4
aws_oracle_ext.isopen,CURSOR_PROCESSING,MEDIUM,2
aws_oracle_ext.iso_currency_list,AWS_EXTENSION_INTERNAL,SIMPLE,1
aws_oracle_ext.instrb,STRING_FUNCTION,SIMPLE,1
aws_oracle_ext.instr,STRING_FUNCTION,SIMPLE,1
aws_oracle_ext.init_context_struct,AWS_EXTENSION_INTERNAL,SIMPLE,1
aws_oracle_ext.increment_rowcount,CURSOR_PROCESSING,MEDIUM,2
aws_oracle_ext.immutable_concat_ws,STRING_FUNCTION,SIMPLE,1
aws_oracle_ext.immutable_concat,STRING_FUNCTION,SIMPLE,1
aws_oracle_ext.htp$wbr,HYPERTEXT_FUNCTION,COMPLEX,4
aws_oracle_ext.htp$variable,HYPERTEXT_FUNCTION,COMPLEX,4
aws_oracle_ext.htp$underline,HYPERTEXT_FUNCTION,COMPLEX,4
aws_oracle_ext.htp$ulistopen,HYPERTEXT_FUNCTION,COMPLEX,4
aws_oracle_ext.htp$ulistclose,HYPERTEXT_FUNCTION,COMPLEX,4
aws_oracle_ext.htp$title,HYPERTEXT_FUNCTION,COMPLEX,4
aws_oracle_ext.htp$teletype,HYPERTEXT_FUNCTION,COMPLEX,4
aws_oracle_ext.htp$tablerowopen,HYPERTEXT_FUNCTION,COMPLEX,4
aws_oracle_ext.htp$tablerowclose,HYPERTEXT_FUNCTION,COMPLEX,4
aws_oracle_ext.htp$tableopen,HYPERTEXT_FUNCTION,COMPLEX,4
aws_oracle_ext.htp$tableheader,HYPERTEXT_FUNCTION,COMPLEX,4
aws_oracle_ext.htp$tabledata,HYPERTEXT_FUNCTION,COMPLEX,4
aws_oracle_ext.htp$tableclose,HYPERTEXT_FUNCTION,COMPLEX,4
aws_oracle_ext.htp$tablecaption,HYPERTEXT_FUNCTION,COMPLEX,4
aws_oracle_ext.htp$sup,HYPERTEXT_FUNCTION,COMPLEX,4
aws_oracle_ext.htp$sub,HYPERTEXT_FUNCTION,COMPLEX,4
aws_oracle_ext.htp$style,HYPERTEXT_FUNCTION,COMPLEX,4
aws_oracle_ext.htp$strong,HYPERTEXT_FUNCTION,COMPLEX,4
aws_oracle_ext.htp$strike,HYPERTEXT_FUNCTION,COMPLEX,4
aws_oracle_ext.htp$small,HYPERTEXT_FUNCTION,COMPLEX,4
aws_oracle_ext.htp$script,HYPERTEXT_FUNCTION,COMPLEX,4
aws_oracle_ext.htp$sample,HYPERTEXT_FUNCTION,COMPLEX,4
aws_oracle_ext.htp$s,HYPERTEXT_FUNCTION,COMPLEX,4
aws_oracle_ext.htp$putraw,HYPERTEXT_FUNCTION,COMPLEX,4
aws_oracle_ext.htp$ps,HYPERTEXT_FUNCTION,COMPLEX,4
aws_oracle_ext.htp$prn,HYPERTEXT_FUNCTION,COMPLEX,4
aws_oracle_ext.htp$prints,HYPERTEXT_FUNCTION,COMPLEX,4
aws_oracle_ext.htp$print,HYPERTEXT_FUNCTION,COMPLEX,4
aws_oracle_ext.htp$preopen,HYPERTEXT_FUNCTION,COMPLEX,4
aws_oracle_ext.htp$preclose,HYPERTEXT_FUNCTION,COMPLEX,4
aws_oracle_ext.htp$plaintext,HYPERTEXT_FUNCTION,COMPLEX,4
aws_oracle_ext.htp$param,HYPERTEXT_FUNCTION,COMPLEX,4
aws_oracle_ext.htp$paragraph,HYPERTEXT_FUNCTION,COMPLEX,4
aws_oracle_ext.htp$para,HYPERTEXT_FUNCTION,COMPLEX,4
aws_oracle_ext.htp$p,HYPERTEXT_FUNCTION,COMPLEX,4
aws_oracle_ext.htp$olistopen,HYPERTEXT_FUNCTION,COMPLEX,4
aws_oracle_ext.htp$olistclose,HYPERTEXT_FUNCTION,COMPLEX,4
aws_oracle_ext.htp$noframesopen,HYPERTEXT_FUNCTION,COMPLEX,4
aws_oracle_ext.htp$noframesclose,HYPERTEXT_FUNCTION,COMPLEX,4
aws_oracle_ext.htp$nobr,HYPERTEXT_FUNCTION,COMPLEX,4
aws_oracle_ext.htp$nl,HYPERTEXT_FUNCTION,COMPLEX,4
aws_oracle_ext.htp$nextid,HYPERTEXT_FUNCTION,COMPLEX,4
aws_oracle_ext.htp$meta,HYPERTEXT_FUNCTION,COMPLEX,4
aws_oracle_ext.htp$menulistopen,HYPERTEXT_FUNCTION,COMPLEX,4
aws_oracle_ext.htp$menulistclose,HYPERTEXT_FUNCTION,COMPLEX,4
aws_oracle_ext.htp$mapopen,HYPERTEXT_FUNCTION,COMPLEX,4
aws_oracle_ext.htp$mapclose,HYPERTEXT_FUNCTION,COMPLEX,4
aws_oracle_ext.htp$mailto,HYPERTEXT_FUNCTION,COMPLEX,4
aws_oracle_ext.htp$listitem,HYPERTEXT_FUNCTION,COMPLEX,4
aws_oracle_ext.htp$listingopen,HYPERTEXT_FUNCTION,COMPLEX,4
aws_oracle_ext.htp$listingclose,HYPERTEXT_FUNCTION,COMPLEX,4
aws_oracle_ext.htp$listheader,HYPERTEXT_FUNCTION,COMPLEX,4
aws_oracle_ext.htp$linkrev,HYPERTEXT_FUNCTION,COMPLEX,4
aws_oracle_ext.htp$linkrel,HYPERTEXT_FUNCTION,COMPLEX,4
aws_oracle_ext.htp$line,HYPERTEXT_FUNCTION,COMPLEX,4
aws_oracle_ext.htp$keyboard,HYPERTEXT_FUNCTION,COMPLEX,4
aws_oracle_ext.htp$kbd,HYPERTEXT_FUNCTION,COMPLEX,4
aws_oracle_ext.htp$italic,HYPERTEXT_FUNCTION,COMPLEX,4
aws_oracle_ext.htp$isindex,HYPERTEXT_FUNCTION,COMPLEX,4
aws_oracle_ext.htp$init,HYPERTEXT_FUNCTION,COMPLEX,4
aws_oracle_ext.htp$img,HYPERTEXT_FUNCTION,COMPLEX,4
aws_oracle_ext.htp$img,HYPERTEXT_FUNCTION,COMPLEX,4
aws_oracle_ext.htp$htmlopen,HYPERTEXT_FUNCTION,COMPLEX,4
aws_oracle_ext.htp$htmlclose,HYPERTEXT_FUNCTION,COMPLEX,4
aws_oracle_ext.htp$htitle,HYPERTEXT_FUNCTION,COMPLEX,4
aws_oracle_ext.htp$hr,HYPERTEXT_FUNCTION,COMPLEX,4
aws_oracle_ext.htp$headopen,HYPERTEXT_FUNCTION,COMPLEX,4
aws_oracle_ext.htp$header,HYPERTEXT_FUNCTION,COMPLEX,4
aws_oracle_ext.htp$headclose,HYPERTEXT_FUNCTION,COMPLEX,4
aws_oracle_ext.htp$get_page,HYPERTEXT_FUNCTION,COMPLEX,4
aws_oracle_ext.htp$framesetopen,HYPERTEXT_FUNCTION,COMPLEX,4
aws_oracle_ext.htp$framesetclose,HYPERTEXT_FUNCTION,COMPLEX,4
aws_oracle_ext.htp$frame,HYPERTEXT_FUNCTION,COMPLEX,4
aws_oracle_ext.htp$formtextareaopen,HYPERTEXT_FUNCTION,COMPLEX,4
aws_oracle_ext.htp$formtextareaopen,HYPERTEXT_FUNCTION,COMPLEX,4
aws_oracle_ext.htp$formtextareaclose,HYPERTEXT_FUNCTION,COMPLEX,4
aws_oracle_ext.htp$formtextarea,HYPERTEXT_FUNCTION,COMPLEX,4
aws_oracle_ext.htp$formtextarea,HYPERTEXT_FUNCTION,COMPLEX,4
aws_oracle_ext.htp$formtext,HYPERTEXT_FUNCTION,COMPLEX,4
aws_oracle_ext.htp$formsubmit,HYPERTEXT_FUNCTION,COMPLEX,4
aws_oracle_ext.htp$formselectoption,HYPERTEXT_FUNCTION,COMPLEX,4
aws_oracle_ext.htp$formselectopen,HYPERTEXT_FUNCTION,COMPLEX,4
aws_oracle_ext.htp$formselectclose,HYPERTEXT_FUNCTION,COMPLEX,4
aws_oracle_ext.htp$formreset,HYPERTEXT_FUNCTION,COMPLEX,4
aws_oracle_ext.htp$formradio,HYPERTEXT_FUNCTION,COMPLEX,4
aws_oracle_ext.htp$formpassword,HYPERTEXT_FUNCTION,COMPLEX,4
aws_oracle_ext.htp$formopen,HYPERTEXT_FUNCTION,COMPLEX,4
aws_oracle_ext.htp$formimage,HYPERTEXT_FUNCTION,COMPLEX,4
aws_oracle_ext.htp$formhidden,HYPERTEXT_FUNCTION,COMPLEX,4
aws_oracle_ext.htp$formfile,HYPERTEXT_FUNCTION,COMPLEX,4
aws_oracle_ext.htp$formclose,HYPERTEXT_FUNCTION,COMPLEX,4
aws_oracle_ext.htp$formcheckbox,HYPERTEXT_FUNCTION,COMPLEX,4
aws_oracle_ext.htp$fontopen,HYPERTEXT_FUNCTION,COMPLEX,4
aws_oracle_ext.htp$fontclose,HYPERTEXT_FUNCTION,COMPLEX,4
aws_oracle_ext.htp$escape_sc,HYPERTEXT_FUNCTION,COMPLEX,4
aws_oracle_ext.htp$emphasis,HYPERTEXT_FUNCTION,COMPLEX,4
aws_oracle_ext.htp$em,HYPERTEXT_FUNCTION,COMPLEX,4
aws_oracle_ext.htp$dlistterm,HYPERTEXT_FUNCTION,COMPLEX,4
aws_oracle_ext.htp$dlistopen,HYPERTEXT_FUNCTION,COMPLEX,4
aws_oracle_ext.htp$dlistdef,HYPERTEXT_FUNCTION,COMPLEX,4
aws_oracle_ext.htp$dlistclose,HYPERTEXT_FUNCTION,COMPLEX,4
aws_oracle_ext.htp$div,HYPERTEXT_FUNCTION,COMPLEX,4
aws_oracle_ext.htp$dirlistopen,HYPERTEXT_FUNCTION,COMPLEX,4
aws_oracle_ext.htp$dirlistclose,HYPERTEXT_FUNCTION,COMPLEX,4
aws_oracle_ext.htp$dfn,HYPERTEXT_FUNCTION,COMPLEX,4
aws_oracle_ext.htp$comment,HYPERTEXT_FUNCTION,COMPLEX,4
aws_oracle_ext.htp$code,HYPERTEXT_FUNCTION,COMPLEX,4
aws_oracle_ext.htp$cite,HYPERTEXT_FUNCTION,COMPLEX,4
aws_oracle_ext.htp$centeropen,HYPERTEXT_FUNCTION,COMPLEX,4
aws_oracle_ext.htp$centerclose,HYPERTEXT_FUNCTION,COMPLEX,4
aws_oracle_ext.htp$center,HYPERTEXT_FUNCTION,COMPLEX,4
aws_oracle_ext.htp$br,HYPERTEXT_FUNCTION,COMPLEX,4
aws_oracle_ext.htp$bold,HYPERTEXT_FUNCTION,COMPLEX,4
aws_oracle_ext.htp$bodyopen,HYPERTEXT_FUNCTION,COMPLEX,4
aws_oracle_ext.htp$bodyclose,HYPERTEXT_FUNCTION,COMPLEX,4
aws_oracle_ext.htp$blockquoteopen,HYPERTEXT_FUNCTION,COMPLEX,4
aws_oracle_ext.htp$blockquoteclose,HYPERTEXT_FUNCTION,COMPLEX,4
aws_oracle_ext.htp$big,HYPERTEXT_FUNCTION,COMPLEX,4
aws_oracle_ext.htp$bgsound,HYPERTEXT_FUNCTION,COMPLEX,4
aws_oracle_ext.htp$basefont,HYPERTEXT_FUNCTION,COMPLEX,4
aws_oracle_ext.htp$base,HYPERTEXT_FUNCTION,COMPLEX,4
aws_oracle_ext.htp$area,HYPERTEXT_FUNCTION,COMPLEX,4
aws_oracle_ext.htp$appletopen,HYPERTEXT_FUNCTION,COMPLEX,4
aws_oracle_ext.htp$appletclose,HYPERTEXT_FUNCTION,COMPLEX,4
aws_oracle_ext.htp$anchor,HYPERTEXT_FUNCTION,COMPLEX,4
aws_oracle_ext.htp$anchor,HYPERTEXT_FUNCTION,COMPLEX,4
aws_oracle_ext.htp$address,HYPERTEXT_FUNCTION,COMPLEX,4
aws_oracle_ext.htf$wbr,HYPERTEXT_FUNCTION,COMPLEX,4
aws_oracle_ext.htf$variable,HYPERTEXT_FUNCTION,COMPLEX,4
aws_oracle_ext.htf$underline,HYPERTEXT_FUNCTION,COMPLEX,4
aws_oracle_ext.htf$ulistopen,HYPERTEXT_FUNCTION,COMPLEX,4
aws_oracle_ext.htf$ulistclose,HYPERTEXT_FUNCTION,COMPLEX,4
aws_oracle_ext.htf$title,HYPERTEXT_FUNCTION,COMPLEX,4
aws_oracle_ext.htf$teletype,HYPERTEXT_FUNCTION,COMPLEX,4
aws_oracle_ext.htf$tablerowopen,HYPERTEXT_FUNCTION,COMPLEX,4
aws_oracle_ext.htf$tablerowclose,HYPERTEXT_FUNCTION,COMPLEX,4
aws_oracle_ext.htf$tableopen,HYPERTEXT_FUNCTION,COMPLEX,4
aws_oracle_ext.htf$tableheader,HYPERTEXT_FUNCTION,COMPLEX,4
aws_oracle_ext.htf$tabledata,HYPERTEXT_FUNCTION,COMPLEX,4
aws_oracle_ext.htf$tableclose,HYPERTEXT_FUNCTION,COMPLEX,4
aws_oracle_ext.htf$tablecaption,HYPERTEXT_FUNCTION,COMPLEX,4
aws_oracle_ext.htf$sup,HYPERTEXT_FUNCTION,COMPLEX,4
aws_oracle_ext.htf$sub,HYPERTEXT_FUNCTION,COMPLEX,4
aws_oracle_ext.htf$style,HYPERTEXT_FUNCTION,COMPLEX,4
aws_oracle_ext.htf$strong,HYPERTEXT_FUNCTION,COMPLEX,4
aws_oracle_ext.htf$strike,HYPERTEXT_FUNCTION,COMPLEX,4
aws_oracle_ext.htf$small,HYPERTEXT_FUNCTION,COMPLEX,4
aws_oracle_ext.htf$script,HYPERTEXT_FUNCTION,COMPLEX,4
aws_oracle_ext.htf$sample,HYPERTEXT_FUNCTION,COMPLEX,4
aws_oracle_ext.htf$s,HYPERTEXT_FUNCTION,COMPLEX,4
aws_oracle_ext.htf$preopen,HYPERTEXT_FUNCTION,COMPLEX,4
aws_oracle_ext.htf$preclose,HYPERTEXT_FUNCTION,COMPLEX,4
aws_oracle_ext.htf$plaintext,HYPERTEXT_FUNCTION,COMPLEX,4
aws_oracle_ext.htf$param,HYPERTEXT_FUNCTION,COMPLEX,4
aws_oracle_ext.htf$paragraph,HYPERTEXT_FUNCTION,COMPLEX,4
aws_oracle_ext.htf$para,HYPERTEXT_FUNCTION,COMPLEX,4
aws_oracle_ext.htf$olistopen,HYPERTEXT_FUNCTION,COMPLEX,4
aws_oracle_ext.htf$olistclose,HYPERTEXT_FUNCTION,COMPLEX,4
aws_oracle_ext.htf$noframesopen,HYPERTEXT_FUNCTION,COMPLEX,4
aws_oracle_ext.htf$noframesclose,HYPERTEXT_FUNCTION,COMPLEX,4
aws_oracle_ext.htf$nobr,HYPERTEXT_FUNCTION,COMPLEX,4
aws_oracle_ext.htf$nl,HYPERTEXT_FUNCTION,COMPLEX,4
aws_oracle_ext.htf$nextid,HYPERTEXT_FUNCTION,COMPLEX,4
aws_oracle_ext.htf$meta,HYPERTEXT_FUNCTION,COMPLEX,4
aws_oracle_ext.htf$menulistopen,HYPERTEXT_FUNCTION,COMPLEX,4
aws_oracle_ext.htf$menulistclose,HYPERTEXT_FUNCTION,COMPLEX,4
aws_oracle_ext.htf$mapopen,HYPERTEXT_FUNCTION,COMPLEX,4
aws_oracle_ext.htf$mapclose,HYPERTEXT_FUNCTION,COMPLEX,4
aws_oracle_ext.htf$mailto,HYPERTEXT_FUNCTION,COMPLEX,4
aws_oracle_ext.htf$listitem,HYPERTEXT_FUNCTION,COMPLEX,4
aws_oracle_ext.htf$listingopen,HYPERTEXT_FUNCTION,COMPLEX,4
aws_oracle_ext.htf$listingclose,HYPERTEXT_FUNCTION,COMPLEX,4
aws_oracle_ext.htf$listheader,HYPERTEXT_FUNCTION,COMPLEX,4
aws_oracle_ext.htf$linkrev,HYPERTEXT_FUNCTION,COMPLEX,4
aws_oracle_ext.htf$linkrel,HYPERTEXT_FUNCTION,COMPLEX,4
aws_oracle_ext.htf$line,HYPERTEXT_FUNCTION,COMPLEX,4
aws_oracle_ext.htf$keyboard,HYPERTEXT_FUNCTION,COMPLEX,4
aws_oracle_ext.htf$kbd,HYPERTEXT_FUNCTION,COMPLEX,4
aws_oracle_ext.htf$italic,HYPERTEXT_FUNCTION,COMPLEX,4
aws_oracle_ext.htf$isindex,HYPERTEXT_FUNCTION,COMPLEX,4
aws_oracle_ext.htf$img,HYPERTEXT_FUNCTION,COMPLEX,4
aws_oracle_ext.htf$img,HYPERTEXT_FUNCTION,COMPLEX,4
aws_oracle_ext.htf$ifnotnull,HYPERTEXT_FUNCTION,COMPLEX,4
aws_oracle_ext.htf$htitle,HYPERTEXT_FUNCTION,COMPLEX,4
aws_oracle_ext.htf$hr,HYPERTEXT_FUNCTION,COMPLEX,4
aws_oracle_ext.htf$header,HYPERTEXT_FUNCTION,COMPLEX,4
aws_oracle_ext.htf$framesetopen,HYPERTEXT_FUNCTION,COMPLEX,4
aws_oracle_ext.htf$framesetclose,HYPERTEXT_FUNCTION,COMPLEX,4
aws_oracle_ext.htf$frame,HYPERTEXT_FUNCTION,COMPLEX,4
aws_oracle_ext.htf$formtextareaopen,HYPERTEXT_FUNCTION,COMPLEX,4
aws_oracle_ext.htf$formtextareaopen,HYPERTEXT_FUNCTION,COMPLEX,4
aws_oracle_ext.htf$formtextareaclose,HYPERTEXT_FUNCTION,COMPLEX,4
aws_oracle_ext.htf$formtextarea,HYPERTEXT_FUNCTION,COMPLEX,4
aws_oracle_ext.htf$formtextarea,HYPERTEXT_FUNCTION,COMPLEX,4
aws_oracle_ext.htf$formtext,HYPERTEXT_FUNCTION,COMPLEX,4
aws_oracle_ext.htf$formsubmit,HYPERTEXT_FUNCTION,COMPLEX,4
aws_oracle_ext.htf$formselectoption,HYPERTEXT_FUNCTION,COMPLEX,4
aws_oracle_ext.htf$formselectopen,HYPERTEXT_FUNCTION,COMPLEX,4
aws_oracle_ext.htf$formselectclose,HYPERTEXT_FUNCTION,COMPLEX,4
aws_oracle_ext.htf$formreset,HYPERTEXT_FUNCTION,COMPLEX,4
aws_oracle_ext.htf$formradio,HYPERTEXT_FUNCTION,COMPLEX,4
aws_oracle_ext.htf$formpassword,HYPERTEXT_FUNCTION,COMPLEX,4
aws_oracle_ext.htf$formopen,HYPERTEXT_FUNCTION,COMPLEX,4
aws_oracle_ext.htf$formimage,HYPERTEXT_FUNCTION,COMPLEX,4
aws_oracle_ext.htf$formhidden,HYPERTEXT_FUNCTION,COMPLEX,4
aws_oracle_ext.htf$formfile,HYPERTEXT_FUNCTION,COMPLEX,4
aws_oracle_ext.htf$formclose,HYPERTEXT_FUNCTION,COMPLEX,4
aws_oracle_ext.htf$formcheckbox,HYPERTEXT_FUNCTION,COMPLEX,4
aws_oracle_ext.htf$format_cell,HYPERTEXT_FUNCTION,COMPLEX,4
aws_oracle_ext.htf$fontopen,HYPERTEXT_FUNCTION,COMPLEX,4
aws_oracle_ext.htf$fontclose,HYPERTEXT_FUNCTION,COMPLEX,4
aws_oracle_ext.htf$escape_url,HYPERTEXT_FUNCTION,COMPLEX,4
aws_oracle_ext.htf$escape_sc,HYPERTEXT_FUNCTION,COMPLEX,4
aws_oracle_ext.htf$emphasis,HYPERTEXT_FUNCTION,COMPLEX,4
aws_oracle_ext.htf$em,HYPERTEXT_FUNCTION,COMPLEX,4
aws_oracle_ext.htf$dlistterm,HYPERTEXT_FUNCTION,COMPLEX,4
aws_oracle_ext.htf$dlistopen,HYPERTEXT_FUNCTION,COMPLEX,4
aws_oracle_ext.htf$dlistdef,HYPERTEXT_FUNCTION,COMPLEX,4
aws_oracle_ext.htf$dlistclose,HYPERTEXT_FUNCTION,COMPLEX,4
aws_oracle_ext.htf$div,HYPERTEXT_FUNCTION,COMPLEX,4
aws_oracle_ext.htf$dirlistopen,HYPERTEXT_FUNCTION,COMPLEX,4
aws_oracle_ext.htf$dirlistclose,HYPERTEXT_FUNCTION,COMPLEX,4
aws_oracle_ext.htf$dfn,HYPERTEXT_FUNCTION,COMPLEX,4
aws_oracle_ext.htf$comment,HYPERTEXT_FUNCTION,COMPLEX,4
aws_oracle_ext.htf$code,HYPERTEXT_FUNCTION,COMPLEX,4
aws_oracle_ext.htf$cite,HYPERTEXT_FUNCTION,COMPLEX,4
aws_oracle_ext.htf$centeropen,HYPERTEXT_FUNCTION,COMPLEX,4
aws_oracle_ext.htf$centerclose,HYPERTEXT_FUNCTION,COMPLEX,4
aws_oracle_ext.htf$center,HYPERTEXT_FUNCTION,COMPLEX,4
aws_oracle_ext.htf$br,HYPERTEXT_FUNCTION,COMPLEX,4
aws_oracle_ext.htf$bold,HYPERTEXT_FUNCTION,COMPLEX,4
aws_oracle_ext.htf$blockquoteopen,HYPERTEXT_FUNCTION,COMPLEX,4
aws_oracle_ext.htf$blockquoteclose,HYPERTEXT_FUNCTION,COMPLEX,4
aws_oracle_ext.htf$big,HYPERTEXT_FUNCTION,COMPLEX,4
aws_oracle_ext.htf$bgsound,HYPERTEXT_FUNCTION,COMPLEX,4
aws_oracle_ext.htf$basefont,HYPERTEXT_FUNCTION,COMPLEX,4
aws_oracle_ext.htf$base,HYPERTEXT_FUNCTION,COMPLEX,4
aws_oracle_ext.htf$area,HYPERTEXT_FUNCTION,COMPLEX,4
aws_oracle_ext.htf$appletopen,HYPERTEXT_FUNCTION,COMPLEX,4
aws_oracle_ext.htf$appletclose,HYPERTEXT_FUNCTION,COMPLEX,4
aws_oracle_ext.htf$anchor,HYPERTEXT_FUNCTION,COMPLEX,4
aws_oracle_ext.htf$anchor,HYPERTEXT_FUNCTION,COMPLEX,4
aws_oracle_ext.htf$address,HYPERTEXT_FUNCTION,COMPLEX,4
aws_oracle_ext.hex_to_int,ORACLE_FUNCTION,MEDIUM,2
aws_oracle_ext.greatest,ORACLE_FUNCTION,MEDIUM,2
aws_oracle_ext.get_version,AWS_EXTENSION_INTERNAL,SIMPLE,1
aws_oracle_ext.get_user_oid_by_name,POSTGRESQL_INTERNAL,SIMPLE,1
aws_oracle_ext.get_service_setting,AWS_EXTENSION_INTERNAL,SIMPLE,1
aws_oracle_ext.get_sequence_value,POSTGRESQL_INTERNAL,SIMPLE,1
aws_oracle_ext.get_pg_sqlstate,ORACLE_EXCEPTION_PROCESSING,MEDIUM,2
aws_oracle_ext.getpathparts,AWS_EXTENSION_INTERNAL,SIMPLE,1
aws_oracle_ext.get_package_variable_object_field,PACKAGE_GLOBALS,COMPLEX,4
aws_oracle_ext.get_package_variable_object,PACKAGE_GLOBALS,COMPLEX,4
aws_oracle_ext.get_package_variable,PACKAGE_GLOBALS,COMPLEX,4
aws_oracle_ext.get_ora_sqlcode_by_pg,ORACLE_EXCEPTION_PROCESSING,MEDIUM,2
aws_oracle_ext.get_ora_sqlcode,ORACLE_EXCEPTION_PROCESSING,MEDIUM,2
aws_oracle_ext.get_jobs,AWS_EXTENSION_INTERNAL,SIMPLE,1
aws_oracle_ext.get_extpack_variable,AWS_EXTENSION_INTERNAL,SIMPLE,1
aws_oracle_ext.get_context_type,AWS_EXTENSION_INTERNAL,SIMPLE,1
aws_oracle_ext.get_context_param,AWS_EXTENSION_INTERNAL,SIMPLE,1
aws_oracle_ext.get_cmd_type_by_sql_func_code,AWS_EXTENSION_INTERNAL,SIMPLE,1
aws_oracle_ext.from_tz,DATE_FUNCTION,SIMPLE,1
aws_oracle_ext.first_weekday,DATE_FUNCTION,SIMPLE,1
aws_oracle_ext.dbtimezone,DATE_FUNCTION,SIMPLE,1
aws_oracle_ext.dbms_xmlquery$usetypeforcollelemtag,DBMS_XML_PROCESSING,COMPLEX,4
aws_oracle_ext.dbms_xmlquery$usenullattributeindicator,DBMS_XML_PROCESSING,COMPLEX,4
aws_oracle_ext.dbms_xmlquery$upper_case,DBMS_XML_PROCESSING,COMPLEX,4
aws_oracle_ext.dbms_xmlquery$tctxdictionary,DBMS_XML_PROCESSING,COMPLEX,4
aws_oracle_ext.dbms_xmlquery$tctxdictionary,DBMS_XML_PROCESSING,COMPLEX,4
aws_oracle_ext.dbms_xmlquery$tctxattributes,DBMS_XML_PROCESSING,COMPLEX,4
aws_oracle_ext.dbms_xmlquery$tctxattributes,DBMS_XML_PROCESSING,COMPLEX,4
aws_oracle_ext.dbms_xmlquery$tcontext,DBMS_XML_PROCESSING,COMPLEX,4
aws_oracle_ext.dbms_xmlquery$setxsltparam,DBMS_XML_PROCESSING,COMPLEX,4
aws_oracle_ext.dbms_xmlquery$setxslt,DBMS_XML_PROCESSING,COMPLEX,4
aws_oracle_ext.dbms_xmlquery$settagcase,DBMS_XML_PROCESSING,COMPLEX,4
aws_oracle_ext.dbms_xmlquery$setstylesheetheader,DBMS_XML_PROCESSING,COMPLEX,4
aws_oracle_ext.dbms_xmlquery$setsqltoxmlnameescaping,DBMS_XML_PROCESSING,COMPLEX,4
aws_oracle_ext.dbms_xmlquery$setskiprows,DBMS_XML_PROCESSING,COMPLEX,4
aws_oracle_ext.dbms_xmlquery$setrowtag,DBMS_XML_PROCESSING,COMPLEX,4
aws_oracle_ext.dbms_xmlquery$setrowsettag,DBMS_XML_PROCESSING,COMPLEX,4
aws_oracle_ext.dbms_xmlquery$setrowidattrvalue,DBMS_XML_PROCESSING,COMPLEX,4
aws_oracle_ext.dbms_xmlquery$setrowidattrname,DBMS_XML_PROCESSING,COMPLEX,4
aws_oracle_ext.dbms_xmlquery$setraisenorowsexception,DBMS_XML_PROCESSING,COMPLEX,4
aws_oracle_ext.dbms_xmlquery$setraiseexception,DBMS_XML_PROCESSING,COMPLEX,4
aws_oracle_ext.dbms_xmlquery$setmetaheader,DBMS_XML_PROCESSING,COMPLEX,4
aws_oracle_ext.dbms_xmlquery$setmaxrows,DBMS_XML_PROCESSING,COMPLEX,4
aws_oracle_ext.dbms_xmlquery$seterrortag,DBMS_XML_PROCESSING,COMPLEX,4
aws_oracle_ext.dbms_xmlquery$setencodingtag,DBMS_XML_PROCESSING,COMPLEX,4
aws_oracle_ext.dbms_xmlquery$setdateformat,DBMS_XML_PROCESSING,COMPLEX,4
aws_oracle_ext.dbms_xmlquery$setdataheader,DBMS_XML_PROCESSING,COMPLEX,4
aws_oracle_ext.dbms_xmlquery$setctxattrvalue,DBMS_XML_PROCESSING,COMPLEX,4
aws_oracle_ext.dbms_xmlquery$setcollidattrname,DBMS_XML_PROCESSING,COMPLEX,4
aws_oracle_ext.dbms_xmlquery$setbindvalue,DBMS_XML_PROCESSING,COMPLEX,4
aws_oracle_ext.dbms_xmlquery$schema,DBMS_XML_PROCESSING,COMPLEX,4
aws_oracle_ext.dbms_xmlquery$query,DBMS_XML_PROCESSING,COMPLEX,4
aws_oracle_ext.dbms_xmlquery$none,DBMS_XML_PROCESSING,COMPLEX,4
aws_oracle_ext.dbms_xmlquery$newcontext,DBMS_XML_PROCESSING,COMPLEX,4
aws_oracle_ext.dbms_xmlquery$lower_case,DBMS_XML_PROCESSING,COMPLEX,4
aws_oracle_ext.dbms_xmlquery$getxml,DBMS_XML_PROCESSING,COMPLEX,4
aws_oracle_ext.dbms_xmlquery$getversion,DBMS_XML_PROCESSING,COMPLEX,4
aws_oracle_ext.dbms_xmlquery$getnumrowsprocessed,DBMS_XML_PROCESSING,COMPLEX,4
aws_oracle_ext.dbms_xmlquery$dtd,DBMS_XML_PROCESSING,COMPLEX,4
aws_oracle_ext.dbms_xmlquery$default_rowtag,DBMS_XML_PROCESSING,COMPLEX,4
aws_oracle_ext.dbms_xmlquery$default_rowsettag,DBMS_XML_PROCESSING,COMPLEX,4
aws_oracle_ext.dbms_xmlquery$default_rowidattr,DBMS_XML_PROCESSING,COMPLEX,4
aws_oracle_ext.dbms_xmlquery$default_errortag,DBMS_XML_PROCESSING,COMPLEX,4
aws_oracle_ext.dbms_xmlquery$default_date_format,DBMS_XML_PROCESSING,COMPLEX,4
aws_oracle_ext.dbms_xmlquery$default_dataheadertag,DBMS_XML_PROCESSING,COMPLEX,4
aws_oracle_ext.dbms_xmlquery$db_encoding,DBMS_XML_PROCESSING,COMPLEX,4
aws_oracle_ext.dbms_xmlquery$ctxidx,DBMS_XML_PROCESSING,COMPLEX,4
aws_oracle_ext.dbms_xmlquery$ctxhdl,DBMS_XML_PROCESSING,COMPLEX,4
aws_oracle_ext.dbms_xmlquery$contextattr,DBMS_XML_PROCESSING,COMPLEX,4
aws_oracle_ext.dbms_xmlquery$context,DBMS_XML_PROCESSING,COMPLEX,4
aws_oracle_ext.dbms_xmlquery$closecontext,DBMS_XML_PROCESSING,COMPLEX,4
aws_oracle_ext.dbms_xmlquery$all_rows,DBMS_XML_PROCESSING,COMPLEX,4
aws_oracle_ext.dbms_xmlgen$usenullattributeindicator,DBMS_XML_PROCESSING,COMPLEX,4
aws_oracle_ext.dbms_xmlgen$useitemtagsforcoll,DBMS_XML_PROCESSING,COMPLEX,4
aws_oracle_ext.dbms_xmlgen$tctxattributes,DBMS_XML_PROCESSING,COMPLEX,4
aws_oracle_ext.dbms_xmlgen$tctxattributes,DBMS_XML_PROCESSING,COMPLEX,4
aws_oracle_ext.dbms_xmlgen$tcontext,DBMS_XML_PROCESSING,COMPLEX,4
aws_oracle_ext.dbms_xmlgen$setskiprows,DBMS_XML_PROCESSING,COMPLEX,4
aws_oracle_ext.dbms_xmlgen$setrowtag,DBMS_XML_PROCESSING,COMPLEX,4
aws_oracle_ext.dbms_xmlgen$setrowsettag,DBMS_XML_PROCESSING,COMPLEX,4
aws_oracle_ext.dbms_xmlgen$setnullhandling,DBMS_XML_PROCESSING,COMPLEX,4
aws_oracle_ext.dbms_xmlgen$setmaxrows,DBMS_XML_PROCESSING,COMPLEX,4
aws_oracle_ext.dbms_xmlgen$setctxvalue,DBMS_XML_PROCESSING,COMPLEX,4
aws_oracle_ext.dbms_xmlgen$setctxattrvalue,DBMS_XML_PROCESSING,COMPLEX,4
aws_oracle_ext.dbms_xmlgen$setconvertspecialchars,DBMS_XML_PROCESSING,COMPLEX,4
aws_oracle_ext.dbms_xmlgen$schema,DBMS_XML_PROCESSING,COMPLEX,4
aws_oracle_ext.dbms_xmlgen$qc,DBMS_XML_PROCESSING,COMPLEX,4
aws_oracle_ext.dbms_xmlgen$null_attr,DBMS_XML_PROCESSING,COMPLEX,4
aws_oracle_ext.dbms_xmlgen$none,DBMS_XML_PROCESSING,COMPLEX,4
aws_oracle_ext.dbms_xmlgen$newcontext,DBMS_XML_PROCESSING,COMPLEX,4
aws_oracle_ext.dbms_xmlgen$getxml,DBMS_XML_PROCESSING,COMPLEX,4
aws_oracle_ext.dbms_xmlgen$getnumrowsprocessed,DBMS_XML_PROCESSING,COMPLEX,4
aws_oracle_ext.dbms_xmlgen$getctxobj,DBMS_XML_PROCESSING,COMPLEX,4
aws_oracle_ext.dbms_xmlgen$entity_encode,DBMS_XML_PROCESSING,COMPLEX,4
aws_oracle_ext.dbms_xmlgen$entity_decode,DBMS_XML_PROCESSING,COMPLEX,4
aws_oracle_ext.dbms_xmlgen$empty_tag,DBMS_XML_PROCESSING,COMPLEX,4
aws_oracle_ext.dbms_xmlgen$dtd,DBMS_XML_PROCESSING,COMPLEX,4
aws_oracle_ext.dbms_xmlgen$drop_nulls,DBMS_XML_PROCESSING,COMPLEX,4
aws_oracle_ext.dbms_xmlgen$default_rowtag,DBMS_XML_PROCESSING,COMPLEX,4
aws_oracle_ext.dbms_xmlgen$default_rowsettag,DBMS_XML_PROCESSING,COMPLEX,4
aws_oracle_ext.dbms_xmlgen$ctxidx,DBMS_XML_PROCESSING,COMPLEX,4
aws_oracle_ext.dbms_xmlgen$ctxhdl,DBMS_XML_PROCESSING,COMPLEX,4
aws_oracle_ext.dbms_xmlgen$crisopened,DBMS_XML_PROCESSING,COMPLEX,4
aws_oracle_ext.dbms_xmlgen$convert,DBMS_XML_PROCESSING,COMPLEX,4
aws_oracle_ext.dbms_xmlgen$contextattr,DBMS_XML_PROCESSING,COMPLEX,4
aws_oracle_ext.dbms_xmlgen$context,DBMS_XML_PROCESSING,COMPLEX,4
aws_oracle_ext.dbms_xmlgen$closecontext,DBMS_XML_PROCESSING,COMPLEX,4
aws_oracle_ext.dbms_utility$format_call_stack,DBMS_UTILITY,MEDIUM,2
aws_oracle_ext.dbms_utility$current_instance,DBMS_UTILITY,SIMPLE,1
aws_oracle_ext.dbms_sql$variable_value_char,DYNAMIC_SQL_DBMS_SQL,MEDIUM,2
aws_oracle_ext.dbms_sql$variable_value,DYNAMIC_SQL_DBMS_SQL,MEDIUM,2
aws_oracle_ext.dbms_sql$to_refcursor,DYNAMIC_SQL_DBMS_SQL,MEDIUM,2
aws_oracle_ext.dbms_sql$to_cursor_number,DYNAMIC_SQL_DBMS_SQL,MEDIUM,2
aws_oracle_ext.dbms_sql$parse,DYNAMIC_SQL_DBMS_SQL,MEDIUM,2
aws_oracle_ext.dbms_sql$open_cursor,DYNAMIC_SQL_DBMS_SQL,MEDIUM,2
aws_oracle_ext.dbms_sql$last_sql_function_code,DYNAMIC_SQL_DBMS_SQL,MEDIUM,2
aws_oracle_ext.dbms_sql$last_row_count,DYNAMIC_SQL_DBMS_SQL,MEDIUM,2
aws_oracle_ext.dbms_sql$is_open,DYNAMIC_SQL_DBMS_SQL,MEDIUM,2
aws_oracle_ext.dbms_sql$init,DYNAMIC_SQL_DBMS_SQL,MEDIUM,2
aws_oracle_ext.dbms_sql$fetch_rows,DYNAMIC_SQL_DBMS_SQL,MEDIUM,2
aws_oracle_ext.dbms_sql$execute_and_fetch,DYNAMIC_SQL_DBMS_SQL,MEDIUM,2
aws_oracle_ext.dbms_sql$execute,DYNAMIC_SQL_DBMS_SQL,MEDIUM,2
aws_oracle_ext.dbms_sql$define_column_long,DYNAMIC_SQL_DBMS_SQL,MEDIUM,2
aws_oracle_ext.dbms_sql$define_column_char,DYNAMIC_SQL_DBMS_SQL,MEDIUM,2
aws_oracle_ext.dbms_sql$define_column,DYNAMIC_SQL_DBMS_SQL,MEDIUM,2
aws_oracle_ext.dbms_sql$column_value_long,DYNAMIC_SQL_DBMS_SQL,MEDIUM,2
aws_oracle_ext.dbms_sql$column_value_char,DYNAMIC_SQL_DBMS_SQL,MEDIUM,2
aws_oracle_ext.dbms_sql$column_value,DYNAMIC_SQL_DBMS_SQL,MEDIUM,2
aws_oracle_ext.dbms_sql$close_cursor,DYNAMIC_SQL_DBMS_SQL,MEDIUM,2
aws_oracle_ext.dbms_sql$bind_variable_char,DYNAMIC_SQL_DBMS_SQL,MEDIUM,2
aws_oracle_ext.dbms_sql$bind_variable,DYNAMIC_SQL_DBMS_SQL,MEDIUM,2
aws_oracle_ext.dbms_session$set_nls,DBMS_SESSION,MEDIUM,2
aws_oracle_ext.dbms_session$set_identifier,DBMS_SESSION,MEDIUM,2
aws_oracle_ext.dbms_session$set_context,DBMS_SESSION,MEDIUM,2
aws_oracle_ext.dbms_session$reinitialize,DBMS_SESSION,MEDIUM,2
aws_oracle_ext.dbms_session$is_session_alive,DBMS_SESSION,MEDIUM,2
aws_oracle_ext.dbms_session$is_role_enabled,DBMS_SESSION,MEDIUM,2
aws_oracle_ext.dbms_session$free_all_resources,DBMS_SESSION,MEDIUM,2
aws_oracle_ext.dbms_session$clear_identifier,DBMS_SESSION,MEDIUM,2
aws_oracle_ext.dbms_session$clear_context,DBMS_SESSION,MEDIUM,2
aws_oracle_ext.dbms_session$clear_all_context,DBMS_SESSION,MEDIUM,2
aws_oracle_ext.dbms_random$value,DBMS_RANDOM,MEDIUM,2
aws_oracle_ext.dbms_random$value,DBMS_RANDOM,MEDIUM,2
aws_oracle_ext.dbms_random$terminate,DBMS_RANDOM,MEDIUM,2
aws_oracle_ext.dbms_random$string,DBMS_RANDOM,MEDIUM,2
aws_oracle_ext.dbms_random$seed,DBMS_RANDOM,MEDIUM,2
aws_oracle_ext.dbms_random$random,DBMS_RANDOM,MEDIUM,2
aws_oracle_ext.dbms_random$normal,DBMS_RANDOM,MEDIUM,2
aws_oracle_ext.dbms_random$initialize,DBMS_RANDOM,MEDIUM,2
aws_oracle_ext.dbms_obfuscation_toolkit$md,DBMS_OBFUSCATION_TOOLKIT,COMPLEX,4
aws_oracle_ext.dbms_obfuscation_toolkit$desgetkey,DBMS_OBFUSCATION_TOOLKIT,COMPLEX,4
aws_oracle_ext.dbms_obfuscation_toolkit$desencrypt,DBMS_OBFUSCATION_TOOLKIT,COMPLEX,4
aws_oracle_ext.dbms_obfuscation_toolkit$desdecrypt,DBMS_OBFUSCATION_TOOLKIT,COMPLEX,4
aws_oracle_ext.dbms_lock$request,LOCK_DBMS_PROCESSING,COMPLEX,4
aws_oracle_ext.dbms_lock$release,LOCK_DBMS_PROCESSING,COMPLEX,4
aws_oracle_ext.dbms_lock$init,LOCK_DBMS_PROCESSING,COMPLEX,4
aws_oracle_ext.dbms_lock$constant,LOCK_DBMS_PROCESSING,COMPLEX,4
aws_oracle_ext.dbms_lock$allocate_unique,LOCK_DBMS_PROCESSING,COMPLEX,4
aws_oracle_ext.dbms_lob$lobmaxsize,LOB_PROCESSING_DBMS,MEDIUM,2
aws_oracle_ext.dbms_lob$instr,LOB_PROCESSING_DBMS,MEDIUM,2
aws_oracle_ext.dbms_lob$copy,LOB_PROCESSING_DBMS,MEDIUM,2
aws_oracle_ext.dbms_lob$constant,LOB_PROCESSING_DBMS,MEDIUM,2
aws_oracle_ext.dbms_job$what,JOBS_PROCESSING_DBMS_JOB,COMPLEX,4
aws_oracle_ext.dbms_job$user_export,JOBS_PROCESSING_DBMS_JOB,COMPLEX,4
aws_oracle_ext.dbms_job$submit,JOBS_PROCESSING_DBMS_JOB,COMPLEX,4
aws_oracle_ext.dbms_job$run,JOBS_PROCESSING_DBMS_JOB,COMPLEX,4
aws_oracle_ext.dbms_job$remove,JOBS_PROCESSING_DBMS_JOB,COMPLEX,4
aws_oracle_ext.dbms_job$next_date,JOBS_PROCESSING_DBMS_JOB,COMPLEX,4
aws_oracle_ext.dbms_job$isubmit,JOBS_PROCESSING_DBMS_JOB,COMPLEX,4
aws_oracle_ext.dbms_job$interval,JOBS_PROCESSING_DBMS_JOB,COMPLEX,4
aws_oracle_ext.dbms_job$instance,JOBS_PROCESSING_DBMS_JOB,COMPLEX,4
aws_oracle_ext.dbms_job$change,JOBS_PROCESSING_DBMS_JOB,COMPLEX,4
aws_oracle_ext.dbms_job$broken,JOBS_PROCESSING_DBMS_JOB,COMPLEX,4
aws_oracle_ext.dbms_assert$sql_object_name,SQL_INJECTION_DBMS_ASSERT,MEDIUM,2
aws_oracle_ext.dbms_assert$simple_sql_name,SQL_INJECTION_DBMS_ASSERT,MEDIUM,2
aws_oracle_ext.dbms_assert$schema_name,SQL_INJECTION_DBMS_ASSERT,MEDIUM,2
aws_oracle_ext.dbms_assert$qualified_sql_name,SQL_INJECTION_DBMS_ASSERT,MEDIUM,2
aws_oracle_ext.dbms_assert$enquote_name,SQL_INJECTION_DBMS_ASSERT,MEDIUM,2
aws_oracle_ext.dbms_assert$enquote_literal,SQL_INJECTION_DBMS_ASSERT,MEDIUM,2
aws_oracle_ext.dbms_aq$message_properties_t,ORACLE_STREAMS_QUEUE,COMPLEX,4
aws_oracle_ext.dbms_aq$enqueue_options_t,ORACLE_STREAMS_QUEUE,COMPLEX,4
aws_oracle_ext.dbms_aq$enqueue,ORACLE_STREAMS_QUEUE,COMPLEX,4
aws_oracle_ext.dbms_aq$dequeue_options_t,ORACLE_STREAMS_QUEUE,COMPLEX,4
aws_oracle_ext.dbms_aq$dequeue,ORACLE_STREAMS_QUEUE,COMPLEX,4
aws_oracle_ext.dbms_aqadm$drop_queue_table,DBMS_ADVANCED_QUEUE,COMPLEX,4
aws_oracle_ext.dbms_aqadm$drop_queue,DBMS_ADVANCED_QUEUE,COMPLEX,4
aws_oracle_ext.dbms_aqadm$create_queue_table,DBMS_ADVANCED_QUEUE,COMPLEX,4
aws_oracle_ext.dbms_aqadm$create_queue,DBMS_ADVANCED_QUEUE,COMPLEX,4
aws_oracle_ext.dbms_application_info$set_session_longops_nohint,APP_INFO_DBMS,SIMPLE,1
aws_oracle_ext.dbms_application_info$set_session_longops,APP_INFO_DBMS,SIMPLE,1
aws_oracle_ext.dbms_application_info$set_module,APP_INFO_DBMS,SIMPLE,1
aws_oracle_ext.dbms_application_info$set_client_info,APP_INFO_DBMS,SIMPLE,1
aws_oracle_ext.dbms_application_info$set_action,APP_INFO_DBMS,SIMPLE,1
aws_oracle_ext.dbms_application_info$read_module,APP_INFO_DBMS,SIMPLE,1
aws_oracle_ext.dbms_application_info$read_client_info,APP_INFO_DBMS,SIMPLE,1
aws_oracle_ext.current_timestamp,DATE_FUNCTION,SIMPLE,1
aws_oracle_ext.current_date,DATE_FUNCTION,SIMPLE,1
aws_oracle_ext.collection_trim_make,COLLECTION_PROCESSING,COMPLEX,4
aws_oracle_ext.collection_trim,COLLECTION_PROCESSING,COMPLEX,4
aws_oracle_ext.collection_prior,COLLECTION_PROCESSING,COMPLEX,4
aws_oracle_ext.collection_next,COLLECTION_PROCESSING,COMPLEX,4
aws_oracle_ext.collection_nearest,COLLECTION_PROCESSING,COMPLEX,4
aws_oracle_ext.collection_extend,COLLECTION_PROCESSING,COMPLEX,4
aws_oracle_ext.collection_element_set,COLLECTION_PROCESSING,COMPLEX,4
aws_oracle_ext.collection_delete_make,COLLECTION_PROCESSING,COMPLEX,4
aws_oracle_ext.collection_delete,COLLECTION_PROCESSING,COMPLEX,4
aws_oracle_ext.chartorowid,ORACLE_FUNCTION,MEDIUM,2
aws_oracle_ext.bulk$fetch_cursor,COLLECTION_PROCESSING,COMPLEX,4
aws_oracle_ext.bulk_exceptions$create_array,COLLECTION_PROCESSING,COMPLEX,4
aws_oracle_ext.autonomous_exec,PRAGMA_AUTONOMOUS_PROCESSING,MEDIUM,2
aws_oracle_ext.a_setarrayvalue,COLLECTION_PROCESSING,COMPLEX,4
aws_oracle_ext.asciistr,STRING_FUNCTION,SIMPLE,1
aws_oracle_ext.array$set_value,COLLECTION_PROCESSING,COMPLEX,4
aws_oracle_ext.array$prior,COLLECTION_PROCESSING,COMPLEX,4
aws_oracle_ext.array$next,COLLECTION_PROCESSING,COMPLEX,4
aws_oracle_ext.array$last,COLLECTION_PROCESSING,COMPLEX,4
aws_oracle_ext.array$get_value,COLLECTION_PROCESSING,COMPLEX,4
aws_oracle_ext.array$first,COLLECTION_PROCESSING,COMPLEX,4
aws_oracle_ext.array$add_fields_to_array,COLLECTION_PROCESSING,COMPLEX,4
aws_oracle_ext.a_getarrayvalue,COLLECTION_PROCESSING,COMPLEX,4
aws_oracle_ext.add_months,DATE_FUNCTION,SIMPLE,1
aws_oracle_ext.tz,DATE_FUNCTION,SIMPLE,1
aws_oracle_ext.userenv_number,USER_ENV,SIMPLE,0.5
aws_oracle_ext.setglobalvariable,GLOBAL_VAR,COMPLEX,4
aws_oracle_ext.packageinitialize,GLOBAL_VAR,COMPLEX,4
aws_oracle_ext.getglobalvariable,GLOBAL_VAR,COMPLEX,4
aws_oracle_ext.dbms_output$put_line,PRINT_FUNC,SIMPLE,1
aws_oracle_ext.dbms_lob$read,LOB_PROCESSING_DBMS,COMPLEX,4
aws_oracle_ext.dbms_lob$getlength,LOB_PROCESSING_DBMS,COMPLEX,4
aws_oracle_ext.array$delete,COLLECTION_PROCESSING,COMPLEX,4
aws_oracle_ext.array$create_storage_table,COLLECTION_PROCESSING,COMPLEX,4
aws_oracle_ext.array$create_array,COLLECTION_PROCESSING,COMPLEX,4
aws_oracle_ext.array$clear_procedure,COLLECTION_PROCESSING,COMPLEX,4
aws_oracle_ext.array$assign,COLLECTION_PROCESSING,COMPLEX,4
aws_oracle_ext.trunc,DATE_FUNCTION,SIMPLE,1
aws_oracle_ext.table,COLLECTION_PROCESSING,COMPLEX,4
aws_oracle_ext.sys_user_tab_partitions,SYSTEM_VIEWS,MEDIUM,2
aws_oracle_ext.dbms_utility$get_time,DBMS_UTILITY,SIMPLE,1
aws_oracle_ext.dbms_lob$write,LOB_PROCESSING_DBMS,COMPLEX,4
aws_oracle_ext.dbms_lob$substr,LOB_PROCESSING_DBMS,COMPLEX,4
aws_oracle_ext.dbms_lob$read,LOB_PROCESSING_DBMS,COMPLEX,4
aws_oracle_ext.dbms_lob$getlength,LOB_PROCESSING_DBMS,COMPLEX,4
aws_oracle_ext.bulk$collect_statement_to_assoc,COLLECTION_PROCESSING,COMPLEX,4
aws_oracle_ext.array$count,COLLECTION_PROCESSING,COMPLEX,4
aws_oracle_ext.array$copy_structure,COLLECTION_PROCESSING,COMPLEX,4
aws_oracle_ext.array$copy,COLLECTION_PROCESSING,COMPLEX,4
aws_oracle_ext.bulk$getvaluesforindex,COLLECTION_PROCESSING,COMPLEX,4
aws_oracle_ext.sys_context,SYS_CONTEXT,SIMPLE,1